epoch,correlation
0,0.5782801093781094
5,0.6879348955991
10,0.6753492530815332
15,0.646217497577172
20,0.641490803001675
25,0.6302994714289023
