epoch,correlation
0,0.6231389708875766
5,0.5582331748143327
10,0.5297107484726291
15,0.5076610264904216
20,0.49288993215029336
25,0.47196274509318387
