epoch,correlation
0,0.5774665964761727
5,0.6855198617401226
10,0.6685795813006326
15,0.6564656950396487
20,0.6413935002576333
25,0.637506227386723
