epoch,correlation
0,0.5136301966199235
5,0.6027555228265911
10,0.5990048465996268
15,0.6006181875430333
20,0.6139238623559807
25,0.6297049888690344
30,0.6176018190615782
