epoch,correlation
0,0.5142333859222861
5,0.6754141932530722
10,0.6612309658450984
15,0.6231520318731497
20,0.6064665318148432
25,0.5919665622838588
