epoch,correlation
0,0.5948222854135196
5,0.6670794003584354
10,0.6737226960271722
15,0.6669722959217355
20,0.6466499468648824
25,0.6105018687587754
30,0.5869474432023315
