epoch,correlation
0,0.5327868483724201
5,0.6483674496553741
10,0.6353046830783265
15,0.6548410540572143
20,0.6546461827391306
25,0.6358588960481075
30,0.6232609843756176
35,0.6070847125184126
