epoch,correlation
0,0.501018681860825
5,0.6545360649575175
10,0.6504751787546348
15,0.6395605965705429
20,0.6278485096199599
25,0.6340588367999197
30,0.6144654967830135
35,0.6132860077856622
