epoch,correlation
0,0.45922412186819533
5,0.5653195430490583
10,0.6266325946546947
15,0.610257839037562
20,0.6183368966163387
25,0.5964934864259209
30,0.6137892107116588
35,0.6083350462866688
