epoch,correlation
0,0.5358317695617488
5,0.6087181344008219
10,0.6142831086874883
15,0.641322673385658
20,0.6090024903082862
25,0.6211118650279377
30,0.6108187286118973
35,0.5850354663874294
