epoch,correlation
0,0.5165346897432229
5,0.6654305734313418
10,0.6840865455436774
15,0.68011235363208
20,0.6632893802296748
25,0.6471113979402361
30,0.6387805147220327
