epoch,correlation
0,0.5479934233805689
5,0.6633978630649937
10,0.6292252898863334
15,0.6657505126214819
20,0.6782534286070502
25,0.674809401334879
30,0.659646031748894
35,0.6084515172770029
