epoch,correlation
0,0.6236339320700269
5,0.6850972501031812
10,0.6810430348188886
15,0.6714094634277428
20,0.6803179323574226
25,0.6522435811409601
30,0.6556724725293764
35,0.6421517219379302
