epoch,correlation
0,0.5226861202229817
5,0.6030920183738679
10,0.6250952415608291
15,0.6435938123748661
20,0.6472309864677546
25,0.601926555485412
30,0.6256202146326281
